{
  "assetsByChunkName": {
    "vendors~app-account~app-confirmation~app-order": "chunk.0fd67578a9db876fdced.js",
    "vendors~app-account~app-checkout": "chunk.20653bd1e4ae7b1cde4a.js",
    "vendors~app-cart~app-checkout": "chunk.a6926eb700e24aa5e804.js",
    "admin": [
      "admin.ac28103fddb7ef2a6306.js",
      "admin.ac28103fddb7ef2a6306.js.map"
    ],
    "app-account": "chunk.02e78503766b475081fe.js",
    "app-checkout": "chunk.ce65bb8982741eb0536e.js",
    "app-confirmation": "chunk.e911e92845f51cbda46e.js",
    "checkout": [
      "checkout.6e85e046c55a1930fc96.js",
      "checkout.6e85e046c55a1930fc96.js.map"
    ],
    "storefront": [
      "storefront.0a3072984fc61b8cf8ca.css",
      "storefront.e33aedc33976e5bc88ec.js",
      "storefront.0a3072984fc61b8cf8ca.css.map",
      "storefront.e33aedc33976e5bc88ec.js.map"
    ],
    "vendors~app-cart": "chunk.9bcf25d315a32d7f2f0c.js",
    "vendors~app-order": "chunk.9d7a34645964a411b22c.js"
  }
}