{
  "categories_list": {
    "featured": [
      "/todos-os-produtos---disponiveis?TODOS OS PRODUTOS - DISPONÍVEIS"
    ],
    "random": 0,
    "full_width": true
  },
  "menu_all_departments": false,
  "centralized_logo": false,
  "marketing_stripe": {
    "text": "Dúvidas ? Clique aqui para ser atendido",
    "link": "https://wa.me/5511920067879?text=Ol%C3%A1,%20tenho%20uma%20d%C3%BAvida%20ao%20comprar%20no%20site%20!",
    "background": "#000000",
    "color": "#ffffff"
  },
  "alphabetical_order_submenu": true,
  "name_all_departments": "",
  "search_input": true,
  "desktop_megamenu": false,
  "full_width_submenu": true,
  "contacts_stripe": {
    "pages": [],
    "phone_wpp": true,
    "socials": true
  }
}