{
  "meta_title": "",
  "meta_description": "",
  "sections": [
    {
      "type": "banner-slider",
      "autoplay": 9000,
      "full_width": false,
      "slides": [
        {
          "start": "",
          "end": "",
          "img": "/img/uploads/envios-por-onibus-de-excursoes.png-bras-todoverde.jpg"
        }
      ]
    },
    {
      "type": "banner-slider",
      "autoplay": 9000,
      "full_width": false,
      "slides": [
        {
          "start": "",
          "end": "",
          "img": "/img/uploads/produtos-disponiveis.jpg",
          "link": "https://www.todoverdeonibus.com.br/todos-os-produtos---disponiveis"
        }
      ]
    },
    {
      "type": "info-bar",
      "enabled": true
    }
  ]
}